Time,Voltage,Current,Power
0,2.008,3,5.85365853658537
1,1.716,2.50609756097561,4.02439024390244
2,1.828,2.70731707317073,5.48780487804878
3,1.624,2.50609756097561,3.65853658536585
4,1.936,2.90853658536585,5.48780487804878
5,1.776,2.70731707317073,4.75609756097561
6,2.008,3,5.85365853658537
7,1.716,2.50609756097561,4.02439024390244
8,1.828,2.70731707317073,5.48780487804878
9,1.624,2.50609756097561,3.65853658536585
10,1.936,2.90853658536585,5.48780487804878
11,1.776,2.70731707317073,4.75609756097561
12,2.008,3,5.85365853658537
13,1.716,2.50609756097561,4.02439024390244
14,1.828,2.70731707317073,5.48780487804878
15,1.624,2.50609756097561,3.65853658536585
16,1.936,2.90853658536585,5.48780487804878
17,1.776,2.70731707317073,4.75609756097561
18,2.008,3,5.85365853658537
19,1.716,2.50609756097561,4.02439024390244
20,1.828,2.70731707317073,5.48780487804878
21,1.624,2.50609756097561,3.65853658536585
22,1.936,2.90853658536585,5.48780487804878
23,1.776,2.70731707317073,4.75609756097561
24,2.008,3,5.85365853658537
25,1.716,2.50609756097561,4.02439024390244
26,1.828,2.70731707317073,5.48780487804878
27,1.624,2.50609756097561,3.65853658536585
28,1.936,2.90853658536585,5.48780487804878
29,1.776,2.70731707317073,4.75609756097561
30,2.008,3,5.85365853658537
31,1.716,2.50609756097561,4.02439024390244
32,1.828,2.70731707317073,5.48780487804878
33,1.624,2.50609756097561,3.65853658536585
34,1.936,2.90853658536585,5.48780487804878
35,1.776,2.70731707317073,4.75609756097561
36,2.008,3,5.85365853658537
37,1.716,2.50609756097561,4.02439024390244
38,1.828,2.70731707317073,5.48780487804878
39,1.624,2.50609756097561,3.65853658536585
40,1.936,2.90853658536585,5.48780487804878
41,1.776,2.70731707317073,4.75609756097561
42,2.008,3,5.85365853658537
43,1.716,2.50609756097561,4.02439024390244
44,1.828,2.70731707317073,5.48780487804878
45,1.624,2.50609756097561,3.65853658536585
46,1.936,2.90853658536585,5.48780487804878
47,1.776,2.70731707317073,4.75609756097561
48,2.008,3,5.85365853658537
49,1.716,2.50609756097561,4.02439024390244
50,1.828,2.70731707317073,5.48780487804878
51,1.624,2.50609756097561,3.65853658536585
52,1.936,2.90853658536585,5.48780487804878
53,1.776,2.70731707317073,4.75609756097561
54,2.008,3,5.85365853658537
55,1.716,2.50609756097561,4.02439024390244
56,1.828,2.70731707317073,5.48780487804878
57,1.624,2.50609756097561,3.65853658536585
58,1.936,2.90853658536585,5.48780487804878
59,1.776,2.70731707317073,4.75609756097561
200,2.008,3,5.85365853658537
201,1.716,2.50609756097561,4.02439024390244
202,1.828,2.70731707317073,5.48780487804878
203,1.624,2.50609756097561,3.65853658536585
204,1.936,2.90853658536585,5.48780487804878
205,1.776,2.70731707317073,4.75609756097561
206,2.008,3,5.85365853658537
207,1.716,2.50609756097561,4.02439024390244
208,1.828,2.70731707317073,5.48780487804878
209,1.624,2.50609756097561,3.65853658536585
210,1.936,2.90853658536585,5.48780487804878
211,1.776,2.70731707317073,4.75609756097561
212,2.008,3,5.85365853658537
213,1.716,2.50609756097561,4.02439024390244
214,1.828,2.70731707317073,5.48780487804878
215,1.624,2.50609756097561,3.65853658536585
216,1.936,2.90853658536585,5.48780487804878
217,1.776,2.70731707317073,4.75609756097561
218,2.008,3,5.85365853658537
219,1.716,2.50609756097561,4.02439024390244
220,1.828,2.70731707317073,5.48780487804878
221,1.624,2.50609756097561,3.65853658536585
222,1.936,2.90853658536585,5.48780487804878
223,1.776,2.70731707317073,4.75609756097561
224,2.008,3,5.85365853658537
225,1.716,2.50609756097561,4.02439024390244
226,1.828,2.70731707317073,5.48780487804878
227,1.624,2.50609756097561,3.65853658536585
228,1.936,2.90853658536585,5.48780487804878
229,1.776,2.70731707317073,4.75609756097561
230,2.008,3,5.85365853658537
231,1.716,2.50609756097561,4.02439024390244
232,1.828,2.70731707317073,5.48780487804878
233,1.624,2.50609756097561,3.65853658536585
234,1.936,2.90853658536585,5.48780487804878
235,1.776,2.70731707317073,4.75609756097561
236,2.008,3,5.85365853658537
237,1.716,2.50609756097561,4.02439024390244
238,1.828,2.70731707317073,5.48780487804878
239,1.624,2.50609756097561,3.65853658536585
240,1.936,2.90853658536585,5.48780487804878
241,1.776,2.70731707317073,4.75609756097561
242,2.008,3,5.85365853658537
243,1.716,2.50609756097561,4.02439024390244
244,1.828,2.70731707317073,5.48780487804878
245,1.624,2.50609756097561,3.65853658536585
246,1.936,2.90853658536585,5.48780487804878
247,1.776,2.70731707317073,4.75609756097561
248,2.008,3,5.85365853658537
249,1.716,2.50609756097561,4.02439024390244
250,1.828,2.70731707317073,5.48780487804878
251,1.624,2.50609756097561,3.65853658536585
252,1.936,2.90853658536585,5.48780487804878
253,1.776,2.70731707317073,4.75609756097561
254,2.008,3,5.85365853658537
255,1.716,2.50609756097561,4.02439024390244
256,1.828,2.70731707317073,5.48780487804878
257,1.624,2.50609756097561,3.65853658536585
258,1.936,2.90853658536585,5.48780487804878
259,1.776,2.70731707317073,4.75609756097561
300,2.008,3,5.85365853658537
301,1.716,2.50609756097561,4.02439024390244
302,1.828,2.70731707317073,5.48780487804878
303,1.624,2.50609756097561,3.65853658536585
304,1.936,2.90853658536585,5.48780487804878
305,1.776,2.70731707317073,4.75609756097561
306,2.008,3,5.85365853658537
307,1.716,2.50609756097561,4.02439024390244
308,1.828,2.70731707317073,5.48780487804878
309,1.624,2.50609756097561,3.65853658536585
310,1.936,2.90853658536585,5.48780487804878
311,1.776,2.70731707317073,4.75609756097561
312,2.008,3,5.85365853658537
313,1.716,2.50609756097561,4.02439024390244
314,1.828,2.70731707317073,5.48780487804878
315,1.624,2.50609756097561,3.65853658536585
316,1.936,2.90853658536585,5.48780487804878
317,1.776,2.70731707317073,4.75609756097561
318,2.008,3,5.85365853658537
319,1.716,2.50609756097561,4.02439024390244
320,1.828,2.70731707317073,5.48780487804878
321,1.624,2.50609756097561,3.65853658536585
322,1.936,2.90853658536585,5.48780487804878
323,1.776,2.70731707317073,4.75609756097561
324,2.008,3,5.85365853658537
325,1.716,2.50609756097561,4.02439024390244
326,1.828,2.70731707317073,5.48780487804878
327,1.624,2.50609756097561,3.65853658536585
328,1.936,2.90853658536585,5.48780487804878
329,1.776,2.70731707317073,4.75609756097561
330,2.008,3,5.85365853658537
331,1.716,2.50609756097561,4.02439024390244
332,1.828,2.70731707317073,5.48780487804878
333,1.624,2.50609756097561,3.65853658536585
334,1.936,2.90853658536585,5.48780487804878
335,1.776,2.70731707317073,4.75609756097561
336,2.008,3,5.85365853658537
337,1.716,2.50609756097561,4.02439024390244
338,1.828,2.70731707317073,5.48780487804878
339,1.624,2.50609756097561,3.65853658536585
340,1.936,2.90853658536585,5.48780487804878
341,1.776,2.70731707317073,4.75609756097561
342,2.008,3,5.85365853658537
343,1.716,2.50609756097561,4.02439024390244
344,1.828,2.70731707317073,5.48780487804878
345,1.624,2.50609756097561,3.65853658536585
346,1.936,2.90853658536585,5.48780487804878
347,1.776,2.70731707317073,4.75609756097561
348,2.008,3,5.85365853658537
349,1.716,2.50609756097561,4.02439024390244
350,1.828,2.70731707317073,5.48780487804878
351,1.624,2.50609756097561,3.65853658536585
352,1.936,2.90853658536585,5.48780487804878
353,1.776,2.70731707317073,4.75609756097561
354,2.008,3,5.85365853658537
355,1.716,2.50609756097561,4.02439024390244
356,1.828,2.70731707317073,5.48780487804878
357,1.624,2.50609756097561,3.65853658536585
358,1.936,2.90853658536585,5.48780487804878
359,1.776,2.70731707317073,4.75609756097561
400,2.008,3,5.85365853658537
401,1.716,2.50609756097561,4.02439024390244
402,1.828,2.70731707317073,5.48780487804878
403,1.624,2.50609756097561,3.65853658536585
404,1.936,2.90853658536585,5.48780487804878
405,1.776,2.70731707317073,4.75609756097561
406,2.008,3,5.85365853658537
407,1.716,2.50609756097561,4.02439024390244
408,1.828,2.70731707317073,5.48780487804878
409,1.624,2.50609756097561,3.65853658536585
410,1.936,2.90853658536585,5.48780487804878
411,1.776,2.70731707317073,4.75609756097561
412,2.008,3,5.85365853658537
413,1.716,2.50609756097561,4.02439024390244
414,1.828,2.70731707317073,5.48780487804878
415,1.624,2.50609756097561,3.65853658536585
416,1.936,2.90853658536585,5.48780487804878
417,1.776,2.70731707317073,4.75609756097561
418,2.008,3,5.85365853658537
419,1.716,2.50609756097561,4.02439024390244
420,1.828,2.70731707317073,5.48780487804878
421,1.624,2.50609756097561,3.65853658536585
422,1.936,2.90853658536585,5.48780487804878
423,1.776,2.70731707317073,4.75609756097561
424,2.008,3,5.85365853658537
425,1.716,2.50609756097561,4.02439024390244
426,1.828,2.70731707317073,5.48780487804878
427,1.624,2.50609756097561,3.65853658536585
428,1.936,2.90853658536585,5.48780487804878
429,1.776,2.70731707317073,4.75609756097561
430,2.008,3,5.85365853658537
431,1.716,2.50609756097561,4.02439024390244
432,1.828,2.70731707317073,5.48780487804878
433,1.624,2.50609756097561,3.65853658536585
434,1.936,2.90853658536585,5.48780487804878
435,1.776,2.70731707317073,4.75609756097561
436,2.008,3,5.85365853658537
437,1.716,2.50609756097561,4.02439024390244
438,1.828,2.70731707317073,5.48780487804878
439,1.624,2.50609756097561,3.65853658536585
440,1.936,2.90853658536585,5.48780487804878
441,1.776,2.70731707317073,4.75609756097561
442,2.008,3,5.85365853658537
443,1.716,2.50609756097561,4.02439024390244
444,1.828,2.70731707317073,5.48780487804878
445,1.624,2.50609756097561,3.65853658536585
446,1.936,2.90853658536585,5.48780487804878
447,1.776,2.70731707317073,4.75609756097561
448,2.008,3,5.85365853658537
449,1.716,2.50609756097561,4.02439024390244
450,1.828,2.70731707317073,5.48780487804878
451,1.624,2.50609756097561,3.65853658536585
452,1.936,2.90853658536585,5.48780487804878
453,1.776,2.70731707317073,4.75609756097561
454,2.008,3,5.85365853658537
455,1.716,2.50609756097561,4.02439024390244
456,1.828,2.70731707317073,5.48780487804878
457,1.624,2.50609756097561,3.65853658536585
458,1.936,2.90853658536585,5.48780487804878
459,1.776,2.70731707317073,4.75609756097561
500,2.008,3,5.85365853658537
501,1.716,2.50609756097561,4.02439024390244
502,1.828,2.70731707317073,5.48780487804878
503,1.624,2.50609756097561,3.65853658536585
504,1.936,2.90853658536585,5.48780487804878
505,1.776,2.70731707317073,4.75609756097561
506,2.008,3,5.85365853658537
507,1.716,2.50609756097561,4.02439024390244
508,1.828,2.70731707317073,5.48780487804878
509,1.624,2.50609756097561,3.65853658536585
510,1.936,2.90853658536585,5.48780487804878
511,1.776,2.70731707317073,4.75609756097561
512,2.008,3,5.85365853658537
513,1.716,2.50609756097561,4.02439024390244
514,1.828,2.70731707317073,5.48780487804878
515,1.624,2.50609756097561,3.65853658536585
516,1.936,2.90853658536585,5.48780487804878
517,1.776,2.70731707317073,4.75609756097561
518,2.008,3,5.85365853658537
519,1.716,2.50609756097561,4.02439024390244
520,1.828,2.70731707317073,5.48780487804878
521,1.624,2.50609756097561,3.65853658536585
522,1.936,2.90853658536585,5.48780487804878
523,1.776,2.70731707317073,4.75609756097561
524,2.008,3,5.85365853658537
525,1.716,2.50609756097561,4.02439024390244
526,1.828,2.70731707317073,5.48780487804878
527,1.624,2.50609756097561,3.65853658536585
528,1.936,2.90853658536585,5.48780487804878
529,1.776,2.70731707317073,4.75609756097561
530,2.008,3,5.85365853658537
531,1.716,2.50609756097561,4.02439024390244
532,1.828,2.70731707317073,5.48780487804878
533,1.624,2.50609756097561,3.65853658536585
534,1.936,2.90853658536585,5.48780487804878
535,1.776,2.70731707317073,4.75609756097561
536,2.008,3,5.85365853658537
537,1.716,2.50609756097561,4.02439024390244
538,1.828,2.70731707317073,5.48780487804878
539,1.624,2.50609756097561,3.65853658536585
540,1.936,2.90853658536585,5.48780487804878
541,1.776,2.70731707317073,4.75609756097561
542,2.008,3,5.85365853658537
543,1.716,2.50609756097561,4.02439024390244
544,1.828,2.70731707317073,5.48780487804878
545,1.624,2.50609756097561,3.65853658536585
546,1.936,2.90853658536585,5.48780487804878
547,1.776,2.70731707317073,4.75609756097561
548,2.008,3,5.85365853658537
549,1.716,2.50609756097561,4.02439024390244
550,1.828,2.70731707317073,5.48780487804878
551,1.624,2.50609756097561,3.65853658536585
552,1.936,2.90853658536585,5.48780487804878
553,1.776,2.70731707317073,4.75609756097561
554,2.008,3,5.85365853658537
555,1.716,2.50609756097561,4.02439024390244
556,1.828,2.70731707317073,5.48780487804878
557,1.624,2.50609756097561,3.65853658536585
558,1.936,2.90853658536585,5.48780487804878
559,1.776,2.70731707317073,4.75609756097561
600,2.008,3,5.85365853658537
601,1.716,2.50609756097561,4.02439024390244
602,1.828,2.70731707317073,5.48780487804878
603,1.624,2.50609756097561,3.65853658536585
604,1.936,2.90853658536585,5.48780487804878
605,1.776,2.70731707317073,4.75609756097561
606,2.008,3,5.85365853658537
607,1.716,2.50609756097561,4.02439024390244
608,1.828,2.70731707317073,5.48780487804878
609,1.624,2.50609756097561,3.65853658536585
610,1.936,2.90853658536585,5.48780487804878
611,1.776,2.70731707317073,4.75609756097561
612,2.008,3,5.85365853658537
613,1.716,2.50609756097561,4.02439024390244
614,1.828,2.70731707317073,5.48780487804878
615,1.624,2.50609756097561,3.65853658536585
616,1.936,2.90853658536585,5.48780487804878
617,1.776,2.70731707317073,4.75609756097561
618,2.008,3,5.85365853658537
619,1.716,2.50609756097561,4.02439024390244
620,1.828,2.70731707317073,5.48780487804878
621,1.624,2.50609756097561,3.65853658536585
622,1.936,2.90853658536585,5.48780487804878
623,1.776,2.70731707317073,4.75609756097561
624,2.008,3,5.85365853658537
625,1.716,2.50609756097561,4.02439024390244
626,1.828,2.70731707317073,5.48780487804878
627,1.624,2.50609756097561,3.65853658536585
628,1.936,2.90853658536585,5.48780487804878
629,1.776,2.70731707317073,4.75609756097561
630,2.008,3,5.85365853658537
631,1.716,2.50609756097561,4.02439024390244
632,1.828,2.70731707317073,5.48780487804878
633,1.624,2.50609756097561,3.65853658536585
634,1.936,2.90853658536585,5.48780487804878
635,1.776,2.70731707317073,4.75609756097561
636,2.008,3,5.85365853658537
637,1.716,2.50609756097561,4.02439024390244
638,1.828,2.70731707317073,5.48780487804878
639,1.624,2.50609756097561,3.65853658536585
640,1.936,2.90853658536585,5.48780487804878
641,1.776,2.70731707317073,4.75609756097561
642,2.008,3,5.85365853658537
643,1.716,2.50609756097561,4.02439024390244
644,1.828,2.70731707317073,5.48780487804878
645,1.624,2.50609756097561,3.65853658536585
646,1.936,2.90853658536585,5.48780487804878
647,1.776,2.70731707317073,4.75609756097561
648,2.008,3,5.85365853658537
649,1.716,2.50609756097561,4.02439024390244
650,1.828,2.70731707317073,5.48780487804878
651,1.624,2.50609756097561,3.65853658536585
652,1.936,2.90853658536585,5.48780487804878
653,1.776,2.70731707317073,4.75609756097561
654,2.008,3,5.85365853658537
655,1.716,2.50609756097561,4.02439024390244
656,1.828,2.70731707317073,5.48780487804878
657,1.624,2.50609756097561,3.65853658536585
658,1.936,2.90853658536585,5.48780487804878
659,1.776,2.70731707317073,4.75609756097561
700,2.008,3,5.85365853658537
701,1.716,2.50609756097561,4.02439024390244
702,1.828,2.70731707317073,5.48780487804878
703,1.624,2.50609756097561,3.65853658536585
704,1.936,2.90853658536585,5.48780487804878
705,1.776,2.70731707317073,4.75609756097561
706,2.008,3,5.85365853658537
707,1.716,2.50609756097561,4.02439024390244
708,1.828,2.70731707317073,5.48780487804878
709,1.624,2.50609756097561,3.65853658536585
710,1.936,2.90853658536585,5.48780487804878
711,1.776,2.70731707317073,4.75609756097561
712,2.008,3,5.85365853658537
713,1.716,2.50609756097561,4.02439024390244
714,1.828,2.70731707317073,5.48780487804878
715,1.624,2.50609756097561,3.65853658536585
716,1.936,2.90853658536585,5.48780487804878
717,1.776,2.70731707317073,4.75609756097561
718,2.008,3,5.85365853658537
719,1.716,2.50609756097561,4.02439024390244
720,1.828,2.70731707317073,5.48780487804878
721,1.624,2.50609756097561,3.65853658536585
722,1.936,2.90853658536585,5.48780487804878
723,1.776,2.70731707317073,4.75609756097561
724,2.008,3,5.85365853658537
725,1.716,2.50609756097561,4.02439024390244
726,1.828,2.70731707317073,5.48780487804878
727,1.624,2.50609756097561,3.65853658536585
728,1.936,2.90853658536585,5.48780487804878
729,1.776,2.70731707317073,4.75609756097561
730,2.008,3,5.85365853658537
731,1.716,2.50609756097561,4.02439024390244
732,1.828,2.70731707317073,5.48780487804878
733,1.624,2.50609756097561,3.65853658536585
734,1.936,2.90853658536585,5.48780487804878
735,1.776,2.70731707317073,4.75609756097561
736,2.008,3,5.85365853658537
737,1.716,2.50609756097561,4.02439024390244
738,1.828,2.70731707317073,5.48780487804878
739,1.624,2.50609756097561,3.65853658536585
740,1.936,2.90853658536585,5.48780487804878
741,1.776,2.70731707317073,4.75609756097561
742,2.008,3,5.85365853658537
743,1.716,2.50609756097561,4.02439024390244
744,1.828,2.70731707317073,5.48780487804878
745,1.624,2.50609756097561,3.65853658536585
746,1.936,2.90853658536585,5.48780487804878
747,1.776,2.70731707317073,4.75609756097561
748,2.008,3,5.85365853658537
749,1.716,2.50609756097561,4.02439024390244
750,1.828,2.70731707317073,5.48780487804878
751,1.624,2.50609756097561,3.65853658536585
752,1.936,2.90853658536585,5.48780487804878
753,1.776,2.70731707317073,4.75609756097561
754,2.008,3,5.85365853658537
755,1.716,2.50609756097561,4.02439024390244
756,1.828,2.70731707317073,5.48780487804878
757,1.624,2.50609756097561,3.65853658536585
758,1.936,2.90853658536585,5.48780487804878
759,1.776,2.70731707317073,4.75609756097561
800,2.008,3,5.85365853658537
801,1.716,2.50609756097561,4.02439024390244
802,1.828,2.70731707317073,5.48780487804878
803,1.624,2.50609756097561,3.65853658536585
804,1.936,2.90853658536585,5.48780487804878
805,1.776,2.70731707317073,4.75609756097561
806,2.008,3,5.85365853658537
807,1.716,2.50609756097561,4.02439024390244
808,1.828,2.70731707317073,5.48780487804878
809,1.624,2.50609756097561,3.65853658536585
810,1.936,2.90853658536585,5.48780487804878
811,1.776,2.70731707317073,4.75609756097561
812,2.008,3,5.85365853658537
813,1.716,2.50609756097561,4.02439024390244
814,1.828,2.70731707317073,5.48780487804878
815,1.624,2.50609756097561,3.65853658536585
816,1.936,2.90853658536585,5.48780487804878
817,1.776,2.70731707317073,4.75609756097561
818,2.008,3,5.85365853658537
819,1.716,2.50609756097561,4.02439024390244
820,1.828,2.70731707317073,5.48780487804878
821,1.624,2.50609756097561,3.65853658536585
822,1.936,2.90853658536585,5.48780487804878
823,1.776,2.70731707317073,4.75609756097561
824,2.008,3,5.85365853658537
825,1.716,2.50609756097561,4.02439024390244
826,1.828,2.70731707317073,5.48780487804878
827,1.624,2.50609756097561,3.65853658536585
828,1.936,2.90853658536585,5.48780487804878
829,1.776,2.70731707317073,4.75609756097561
830,2.008,3,5.85365853658537
831,1.716,2.50609756097561,4.02439024390244
832,1.828,2.70731707317073,5.48780487804878
833,1.624,2.50609756097561,3.65853658536585
834,1.936,2.90853658536585,5.48780487804878
835,1.776,2.70731707317073,4.75609756097561
836,2.008,3,5.85365853658537
837,1.716,2.50609756097561,4.02439024390244
838,1.828,2.70731707317073,5.48780487804878
839,1.624,2.50609756097561,3.65853658536585
840,1.936,2.90853658536585,5.48780487804878
841,1.776,2.70731707317073,4.75609756097561
842,2.008,3,5.85365853658537
843,1.716,2.50609756097561,4.02439024390244
844,1.828,2.70731707317073,5.48780487804878
845,1.624,2.50609756097561,3.65853658536585
846,1.936,2.90853658536585,5.48780487804878
847,1.776,2.70731707317073,4.75609756097561
848,2.008,3,5.85365853658537
849,1.716,2.50609756097561,4.02439024390244
850,1.828,2.70731707317073,5.48780487804878
851,1.624,2.50609756097561,3.65853658536585
852,1.936,2.90853658536585,5.48780487804878
853,1.776,2.70731707317073,4.75609756097561
854,2.008,3,5.85365853658537
855,1.716,2.50609756097561,4.02439024390244
856,1.828,2.70731707317073,5.48780487804878
857,1.624,2.50609756097561,3.65853658536585
858,1.936,2.90853658536585,5.48780487804878
859,1.776,2.70731707317073,4.75609756097561
900,2.008,3,5.85365853658537
901,1.716,2.50609756097561,4.02439024390244
902,1.828,2.70731707317073,5.48780487804878
903,1.624,2.50609756097561,3.65853658536585
904,1.936,2.90853658536585,5.48780487804878
905,1.776,2.70731707317073,4.75609756097561
906,2.008,3,5.85365853658537
907,1.716,2.50609756097561,4.02439024390244
908,1.828,2.70731707317073,5.48780487804878
909,1.624,2.50609756097561,3.65853658536585
910,1.936,2.90853658536585,5.48780487804878
911,1.776,2.70731707317073,4.75609756097561
912,2.008,3,5.85365853658537
913,1.716,2.50609756097561,4.02439024390244
914,1.828,2.70731707317073,5.48780487804878
915,1.624,2.50609756097561,3.65853658536585
916,1.936,2.90853658536585,5.48780487804878
917,1.776,2.70731707317073,4.75609756097561
918,2.008,3,5.85365853658537
919,1.716,2.50609756097561,4.02439024390244
920,1.828,2.70731707317073,5.48780487804878
921,1.624,2.50609756097561,3.65853658536585
922,1.936,2.90853658536585,5.48780487804878
923,1.776,2.70731707317073,4.75609756097561
924,2.008,3,5.85365853658537
925,1.716,2.50609756097561,4.02439024390244
926,1.828,2.70731707317073,5.48780487804878
927,1.624,2.50609756097561,3.65853658536585
928,1.936,2.90853658536585,5.48780487804878
929,1.776,2.70731707317073,4.75609756097561
930,2.008,3,5.85365853658537
931,1.716,2.50609756097561,4.02439024390244
932,1.828,2.70731707317073,5.48780487804878
933,1.624,2.50609756097561,3.65853658536585
934,1.936,2.90853658536585,5.48780487804878
935,1.776,2.70731707317073,4.75609756097561
936,2.008,3,5.85365853658537
937,1.716,2.50609756097561,4.02439024390244
938,1.828,2.70731707317073,5.48780487804878
939,1.624,2.50609756097561,3.65853658536585
940,1.936,2.90853658536585,5.48780487804878
941,1.776,2.70731707317073,4.75609756097561
942,2.008,3,5.85365853658537
943,1.716,2.50609756097561,4.02439024390244
944,1.828,2.70731707317073,5.48780487804878
945,1.624,2.50609756097561,3.65853658536585
946,1.936,2.90853658536585,5.48780487804878
947,1.776,2.70731707317073,4.75609756097561
948,2.008,3,5.85365853658537
949,1.716,2.50609756097561,4.02439024390244
950,1.828,2.70731707317073,5.48780487804878
951,1.624,2.50609756097561,3.65853658536585
952,1.936,2.90853658536585,5.48780487804878
953,1.776,2.70731707317073,4.75609756097561
954,2.008,3,5.85365853658537
955,1.716,2.50609756097561,4.02439024390244
956,1.828,2.70731707317073,5.48780487804878
957,1.624,2.50609756097561,3.65853658536585
958,1.936,2.90853658536585,5.48780487804878
959,1.776,2.70731707317073,4.75609756097561
1000,2.008,3,5.85365853658537
1001,1.716,2.50609756097561,4.02439024390244
1002,1.828,2.70731707317073,5.48780487804878
1003,1.624,2.50609756097561,3.65853658536585
1004,1.936,2.90853658536585,5.48780487804878
1005,1.776,2.70731707317073,4.75609756097561
1006,2.008,3,5.85365853658537
1007,1.716,2.50609756097561,4.02439024390244
1008,1.828,2.70731707317073,5.48780487804878
1009,1.624,2.50609756097561,3.65853658536585
1010,1.936,2.90853658536585,5.48780487804878
1011,1.776,2.70731707317073,4.75609756097561
1012,2.008,3,5.85365853658537
1013,1.716,2.50609756097561,4.02439024390244
1014,1.828,2.70731707317073,5.48780487804878
1015,1.624,2.50609756097561,3.65853658536585
1016,1.936,2.90853658536585,5.48780487804878
1017,1.776,2.70731707317073,4.75609756097561
1018,2.008,3,5.85365853658537
1019,1.716,2.50609756097561,4.02439024390244
1020,1.828,2.70731707317073,5.48780487804878
1021,1.624,2.50609756097561,3.65853658536585
1022,1.936,2.90853658536585,5.48780487804878
1023,1.776,2.70731707317073,4.75609756097561
1024,2.008,3,5.85365853658537
1025,1.716,2.50609756097561,4.02439024390244
1026,1.828,2.70731707317073,5.48780487804878
1027,1.624,2.50609756097561,3.65853658536585
1028,1.936,2.90853658536585,5.48780487804878
1029,1.776,2.70731707317073,4.75609756097561
1030,2.008,3,5.85365853658537
1031,1.716,2.50609756097561,4.02439024390244
1032,1.828,2.70731707317073,5.48780487804878
1033,1.624,2.50609756097561,3.65853658536585
1034,1.936,2.90853658536585,5.48780487804878
1035,1.776,2.70731707317073,4.75609756097561
1036,2.008,3,5.85365853658537
1037,1.716,2.50609756097561,4.02439024390244
1038,1.828,2.70731707317073,5.48780487804878
1039,1.624,2.50609756097561,3.65853658536585
1040,1.936,2.90853658536585,5.48780487804878
1041,1.776,2.70731707317073,4.75609756097561
1042,2.008,3,5.85365853658537
1043,1.716,2.50609756097561,4.02439024390244
1044,1.828,2.70731707317073,5.48780487804878
1045,1.624,2.50609756097561,3.65853658536585
1046,1.936,2.90853658536585,5.48780487804878
1047,1.776,2.70731707317073,4.75609756097561
1048,2.008,3,5.85365853658537
1049,1.716,2.50609756097561,4.02439024390244
1050,1.828,2.70731707317073,5.48780487804878
1051,1.624,2.50609756097561,3.65853658536585
1052,1.936,2.90853658536585,5.48780487804878
1053,1.776,2.70731707317073,4.75609756097561
1054,2.008,3,5.85365853658537
1055,1.716,2.50609756097561,4.02439024390244
1056,1.828,2.70731707317073,5.48780487804878
1057,1.624,2.50609756097561,3.65853658536585
1058,1.936,2.90853658536585,5.48780487804878
1059,1.776,2.70731707317073,4.75609756097561
1100,2.008,3,5.85365853658537
1101,1.716,2.50609756097561,4.02439024390244
1102,1.828,2.70731707317073,5.48780487804878
1103,1.624,2.50609756097561,3.65853658536585
1104,1.936,2.90853658536585,5.48780487804878
1105,1.776,2.70731707317073,4.75609756097561
1106,2.008,3,5.85365853658537
1107,1.716,2.50609756097561,4.02439024390244
1108,1.828,2.70731707317073,5.48780487804878
1109,1.624,2.50609756097561,3.65853658536585
1110,1.936,2.90853658536585,5.48780487804878
1111,1.776,2.70731707317073,4.75609756097561
1112,2.008,3,5.85365853658537
1113,1.716,2.50609756097561,4.02439024390244
1114,1.828,2.70731707317073,5.48780487804878
1115,1.624,2.50609756097561,3.65853658536585
1116,1.936,2.90853658536585,5.48780487804878
1117,1.776,2.70731707317073,4.75609756097561
1118,2.008,3,5.85365853658537
1119,1.716,2.50609756097561,4.02439024390244
1120,1.828,2.70731707317073,5.48780487804878
1121,1.624,2.50609756097561,3.65853658536585
1122,1.936,2.90853658536585,5.48780487804878
1123,1.776,2.70731707317073,4.75609756097561
1124,2.008,3,5.85365853658537
1125,1.716,2.50609756097561,4.02439024390244
1126,1.828,2.70731707317073,5.48780487804878
1127,1.624,2.50609756097561,3.65853658536585
1128,1.936,2.90853658536585,5.48780487804878
1129,1.776,2.70731707317073,4.75609756097561
1130,2.008,3,5.85365853658537
1131,1.716,2.50609756097561,4.02439024390244
1132,1.828,2.70731707317073,5.48780487804878
1133,1.624,2.50609756097561,3.65853658536585
1134,1.936,2.90853658536585,5.48780487804878
1135,1.776,2.70731707317073,4.75609756097561
1136,2.008,3,5.85365853658537
1137,1.716,2.50609756097561,4.02439024390244
1138,1.828,2.70731707317073,5.48780487804878
1139,1.624,2.50609756097561,3.65853658536585
1140,1.936,2.90853658536585,5.48780487804878
1141,1.776,2.70731707317073,4.75609756097561
1142,2.008,3,5.85365853658537
1143,1.716,2.50609756097561,4.02439024390244
1144,1.828,2.70731707317073,5.48780487804878
1145,1.624,2.50609756097561,3.65853658536585
1146,1.936,2.90853658536585,5.48780487804878
1147,1.776,2.70731707317073,4.75609756097561
1148,2.008,3,5.85365853658537
1149,1.716,2.50609756097561,4.02439024390244
1150,1.828,2.70731707317073,5.48780487804878
1151,1.624,2.50609756097561,3.65853658536585
1152,1.936,2.90853658536585,5.48780487804878
1153,1.776,2.70731707317073,4.75609756097561
1154,2.008,3,5.85365853658537
1155,1.716,2.50609756097561,4.02439024390244
1156,1.828,2.70731707317073,5.48780487804878
1157,1.624,2.50609756097561,3.65853658536585
1158,1.936,2.90853658536585,5.48780487804878
1159,1.776,2.70731707317073,4.75609756097561
1200,2.008,3,5.85365853658537
1201,1.716,2.50609756097561,4.02439024390244
1202,1.828,2.70731707317073,5.48780487804878
1203,1.624,2.50609756097561,3.65853658536585
1204,1.936,2.90853658536585,5.48780487804878
1205,1.776,2.70731707317073,4.75609756097561
1206,2.008,3,5.85365853658537
1207,1.716,2.50609756097561,4.02439024390244
1208,1.828,2.70731707317073,5.48780487804878
1209,1.624,2.50609756097561,3.65853658536585
1210,1.936,2.90853658536585,5.48780487804878
1211,1.776,2.70731707317073,4.75609756097561
1212,2.008,3,5.85365853658537
1213,1.716,2.50609756097561,4.02439024390244
1214,1.828,2.70731707317073,5.48780487804878
1215,1.624,2.50609756097561,3.65853658536585
1216,1.936,2.90853658536585,5.48780487804878
1217,1.776,2.70731707317073,4.75609756097561
1218,2.008,3,5.85365853658537
1219,1.716,2.50609756097561,4.02439024390244
1220,1.828,2.70731707317073,5.48780487804878
1221,1.624,2.50609756097561,3.65853658536585
1222,1.936,2.90853658536585,5.48780487804878
1223,1.776,2.70731707317073,4.75609756097561
1224,2.008,3,5.85365853658537
1225,1.716,2.50609756097561,4.02439024390244
1226,1.828,2.70731707317073,5.48780487804878
1227,1.624,2.50609756097561,3.65853658536585
1228,1.936,2.90853658536585,5.48780487804878
1229,1.776,2.70731707317073,4.75609756097561
1230,2.008,3,5.85365853658537
1231,1.716,2.50609756097561,4.02439024390244
1232,1.828,2.70731707317073,5.48780487804878
1233,1.624,2.50609756097561,3.65853658536585
1234,1.936,2.90853658536585,5.48780487804878
1235,1.776,2.70731707317073,4.75609756097561
1236,2.008,3,5.85365853658537
1237,1.716,2.50609756097561,4.02439024390244
1238,1.828,2.70731707317073,5.48780487804878
1239,1.624,2.50609756097561,3.65853658536585
1240,1.936,2.90853658536585,5.48780487804878
1241,1.776,2.70731707317073,4.75609756097561
1242,2.008,3,5.85365853658537
1243,1.716,2.50609756097561,4.02439024390244
1244,1.828,2.70731707317073,5.48780487804878
1245,1.624,2.50609756097561,3.65853658536585
1246,1.936,2.90853658536585,5.48780487804878
1247,1.776,2.70731707317073,4.75609756097561
1248,2.008,3,5.85365853658537
1249,1.716,2.50609756097561,4.02439024390244
1250,1.828,2.70731707317073,5.48780487804878
1251,1.624,2.50609756097561,3.65853658536585
1252,1.936,2.90853658536585,5.48780487804878
1253,1.776,2.70731707317073,4.75609756097561
1254,2.008,3,5.85365853658537
1255,1.716,2.50609756097561,4.02439024390244
1256,1.828,2.70731707317073,5.48780487804878
1257,1.624,2.50609756097561,3.65853658536585
1258,1.936,2.90853658536585,5.48780487804878
1259,1.776,2.70731707317073,4.75609756097561
1300,2.008,3,5.85365853658537
1301,1.716,2.50609756097561,4.02439024390244
1302,1.828,2.70731707317073,5.48780487804878
1303,1.624,2.50609756097561,3.65853658536585
1304,1.936,2.90853658536585,5.48780487804878
1305,1.776,2.70731707317073,4.75609756097561
1306,2.008,3,5.85365853658537
1307,1.716,2.50609756097561,4.02439024390244
1308,1.828,2.70731707317073,5.48780487804878
1309,1.624,2.50609756097561,3.65853658536585
1310,1.936,2.90853658536585,5.48780487804878
1311,1.776,2.70731707317073,4.75609756097561
1312,2.008,3,5.85365853658537
1313,1.716,2.50609756097561,4.02439024390244
1314,1.828,2.70731707317073,5.48780487804878
1315,1.624,2.50609756097561,3.65853658536585
1316,1.936,2.90853658536585,5.48780487804878
1317,1.776,2.70731707317073,4.75609756097561
1318,2.008,3,5.85365853658537
1319,1.716,2.50609756097561,4.02439024390244
1320,1.828,2.70731707317073,5.48780487804878
1321,1.624,2.50609756097561,3.65853658536585
1322,1.936,2.90853658536585,5.48780487804878
1323,1.776,2.70731707317073,4.75609756097561
1324,2.008,3,5.85365853658537
1325,1.716,2.50609756097561,4.02439024390244
1326,1.828,2.70731707317073,5.48780487804878
1327,1.624,2.50609756097561,3.65853658536585
1328,1.936,2.90853658536585,5.48780487804878
1329,1.776,2.70731707317073,4.75609756097561
1330,2.008,3,5.85365853658537
1331,1.716,2.50609756097561,4.02439024390244
1332,1.828,2.70731707317073,5.48780487804878
1333,1.624,2.50609756097561,3.65853658536585
1334,1.936,2.90853658536585,5.48780487804878
1335,1.776,2.70731707317073,4.75609756097561
1336,2.008,3,5.85365853658537
1337,1.716,2.50609756097561,4.02439024390244
1338,1.828,2.70731707317073,5.48780487804878
1339,1.624,2.50609756097561,3.65853658536585
1340,1.936,2.90853658536585,5.48780487804878
1341,1.776,2.70731707317073,4.75609756097561
1342,2.008,3,5.85365853658537
1343,1.716,2.50609756097561,4.02439024390244
1344,1.828,2.70731707317073,5.48780487804878
1345,1.624,2.50609756097561,3.65853658536585
1346,1.936,2.90853658536585,5.48780487804878
1347,1.776,2.70731707317073,4.75609756097561
1348,2.008,3,5.85365853658537
1349,1.716,2.50609756097561,4.02439024390244
1350,1.828,2.70731707317073,5.48780487804878
1351,1.624,2.50609756097561,3.65853658536585
1352,1.936,2.90853658536585,5.48780487804878
1353,1.776,2.70731707317073,4.75609756097561
1354,2.008,3,5.85365853658537
1355,1.716,2.50609756097561,4.02439024390244
1356,1.828,2.70731707317073,5.48780487804878
1357,1.624,2.50609756097561,3.65853658536585
1358,1.936,2.90853658536585,5.48780487804878
1359,1.776,2.70731707317073,4.75609756097561
1400,2.008,3,5.85365853658537
1401,1.716,2.50609756097561,4.02439024390244
1402,1.828,2.70731707317073,5.48780487804878
1403,1.624,2.50609756097561,3.65853658536585
1404,1.936,2.90853658536585,5.48780487804878
1405,1.776,2.70731707317073,4.75609756097561
1406,2.008,3,5.85365853658537
1407,1.716,2.50609756097561,4.02439024390244
1408,1.828,2.70731707317073,5.48780487804878
1409,1.624,2.50609756097561,3.65853658536585
1410,1.936,2.90853658536585,5.48780487804878
1411,1.776,2.70731707317073,4.75609756097561
1412,2.008,3,5.85365853658537
1413,1.716,2.50609756097561,4.02439024390244
1414,1.828,2.70731707317073,5.48780487804878
1415,1.624,2.50609756097561,3.65853658536585
1416,1.936,2.90853658536585,5.48780487804878
1417,1.776,2.70731707317073,4.75609756097561
1418,2.008,3,5.85365853658537
1419,1.716,2.50609756097561,4.02439024390244
1420,1.828,2.70731707317073,5.48780487804878
1421,1.624,2.50609756097561,3.65853658536585
1422,1.936,2.90853658536585,5.48780487804878
1423,1.776,2.70731707317073,4.75609756097561
1424,2.008,3,5.85365853658537
1425,1.716,2.50609756097561,4.02439024390244
1426,1.828,2.70731707317073,5.48780487804878
1427,1.624,2.50609756097561,3.65853658536585
1428,1.936,2.90853658536585,5.48780487804878
1429,1.776,2.70731707317073,4.75609756097561
1430,2.008,3,5.85365853658537
1431,1.716,2.50609756097561,4.02439024390244
1432,1.828,2.70731707317073,5.48780487804878
1433,1.624,2.50609756097561,3.65853658536585
1434,1.936,2.90853658536585,5.48780487804878
1435,1.776,2.70731707317073,4.75609756097561
1436,2.008,3,5.85365853658537
1437,1.716,2.50609756097561,4.02439024390244
1438,1.828,2.70731707317073,5.48780487804878
1439,1.624,2.50609756097561,3.65853658536585
1440,1.936,2.90853658536585,5.48780487804878
1441,1.776,2.70731707317073,4.75609756097561
1442,2.008,3,5.85365853658537
1443,1.716,2.50609756097561,4.02439024390244
1444,1.828,2.70731707317073,5.48780487804878
1445,1.624,2.50609756097561,3.65853658536585
1446,1.936,2.90853658536585,5.48780487804878
1447,1.776,2.70731707317073,4.75609756097561
1448,2.008,3,5.85365853658537
1449,1.716,2.50609756097561,4.02439024390244
1450,1.828,2.70731707317073,5.48780487804878
1451,1.624,2.50609756097561,3.65853658536585
1452,1.936,2.90853658536585,5.48780487804878
1453,1.776,2.70731707317073,4.75609756097561
1454,2.008,3,5.85365853658537
1455,1.716,2.50609756097561,4.02439024390244
1456,1.828,2.70731707317073,5.48780487804878
1457,1.624,2.50609756097561,3.65853658536585
1458,1.936,2.90853658536585,5.48780487804878
1459,1.776,2.70731707317073,4.75609756097561
1500,2.008,3,5.85365853658537
1501,1.716,2.50609756097561,4.02439024390244
1502,1.828,2.70731707317073,5.48780487804878
1503,1.624,2.50609756097561,3.65853658536585
1504,1.936,2.90853658536585,5.48780487804878
1505,1.776,2.70731707317073,4.75609756097561
1506,2.008,3,5.85365853658537
1507,1.716,2.50609756097561,4.02439024390244
1508,1.828,2.70731707317073,5.48780487804878
1509,1.624,2.50609756097561,3.65853658536585
1510,1.936,2.90853658536585,5.48780487804878
1511,1.776,2.70731707317073,4.75609756097561
1512,2.008,3,5.85365853658537
1513,1.716,2.50609756097561,4.02439024390244
1514,1.828,2.70731707317073,5.48780487804878
1515,1.624,2.50609756097561,3.65853658536585
1516,1.936,2.90853658536585,5.48780487804878
1517,1.776,2.70731707317073,4.75609756097561
1518,2.008,3,5.85365853658537
1519,1.716,2.50609756097561,4.02439024390244
1520,1.828,2.70731707317073,5.48780487804878
1521,1.624,2.50609756097561,3.65853658536585
1522,1.936,2.90853658536585,5.48780487804878
1523,1.776,2.70731707317073,4.75609756097561
1524,2.008,3,5.85365853658537
1525,1.716,2.50609756097561,4.02439024390244
1526,1.828,2.70731707317073,5.48780487804878
1527,1.624,2.50609756097561,3.65853658536585
1528,1.936,2.90853658536585,5.48780487804878
1529,1.776,2.70731707317073,4.75609756097561
1530,2.008,3,5.85365853658537
1531,1.716,2.50609756097561,4.02439024390244
1532,1.828,2.70731707317073,5.48780487804878
1533,1.624,2.50609756097561,3.65853658536585
1534,1.936,2.90853658536585,5.48780487804878
1535,1.776,2.70731707317073,4.75609756097561
1536,2.008,3,5.85365853658537
1537,1.716,2.50609756097561,4.02439024390244
1538,1.828,2.70731707317073,5.48780487804878
1539,1.624,2.50609756097561,3.65853658536585
1540,1.936,2.90853658536585,5.48780487804878
1541,1.776,2.70731707317073,4.75609756097561
1542,2.008,3,5.85365853658537
1543,1.716,2.50609756097561,4.02439024390244
1544,1.828,2.70731707317073,5.48780487804878
1545,1.624,2.50609756097561,3.65853658536585
1546,1.936,2.90853658536585,5.48780487804878
1547,1.776,2.70731707317073,4.75609756097561
1548,2.008,3,5.85365853658537
1549,1.716,2.50609756097561,4.02439024390244
1550,1.828,2.70731707317073,5.48780487804878
1551,1.624,2.50609756097561,3.65853658536585
1552,1.936,2.90853658536585,5.48780487804878
1553,1.776,2.70731707317073,4.75609756097561
1554,2.008,3,5.85365853658537
1555,1.716,2.50609756097561,4.02439024390244
1556,1.828,2.70731707317073,5.48780487804878
1557,1.624,2.50609756097561,3.65853658536585
1558,1.936,2.90853658536585,5.48780487804878
1559,1.776,2.70731707317073,4.75609756097561
1600,2.008,3,5.85365853658537
1601,1.716,2.50609756097561,4.02439024390244
1602,1.828,2.70731707317073,5.48780487804878
1603,1.624,2.50609756097561,3.65853658536585
1604,1.936,2.90853658536585,5.48780487804878
1605,1.776,2.70731707317073,4.75609756097561
1606,2.008,3,5.85365853658537
1607,1.716,2.50609756097561,4.02439024390244
1608,1.828,2.70731707317073,5.48780487804878
1609,1.624,2.50609756097561,3.65853658536585
1610,1.936,2.90853658536585,5.48780487804878
1611,1.776,2.70731707317073,4.75609756097561
1612,2.008,3,5.85365853658537
1613,1.716,2.50609756097561,4.02439024390244
1614,1.828,2.70731707317073,5.48780487804878
1615,1.624,2.50609756097561,3.65853658536585
1616,1.936,2.90853658536585,5.48780487804878
1617,1.776,2.70731707317073,4.75609756097561
1618,2.008,3,5.85365853658537
1619,1.716,2.50609756097561,4.02439024390244
1620,1.828,2.70731707317073,5.48780487804878
1621,1.624,2.50609756097561,3.65853658536585
1622,1.936,2.90853658536585,5.48780487804878
1623,1.776,2.70731707317073,4.75609756097561
1624,2.008,3,5.85365853658537
1625,1.716,2.50609756097561,4.02439024390244
1626,1.828,2.70731707317073,5.48780487804878
1627,1.624,2.50609756097561,3.65853658536585
1628,1.936,2.90853658536585,5.48780487804878
1629,1.776,2.70731707317073,4.75609756097561
1630,2.008,3,5.85365853658537
1631,1.716,2.50609756097561,4.02439024390244
1632,1.828,2.70731707317073,5.48780487804878
1633,1.624,2.50609756097561,3.65853658536585
1634,1.936,2.90853658536585,5.48780487804878
1635,1.776,2.70731707317073,4.75609756097561
1636,2.008,3,5.85365853658537
1637,1.716,2.50609756097561,4.02439024390244
1638,1.828,2.70731707317073,5.48780487804878
1639,1.624,2.50609756097561,3.65853658536585
1640,1.936,2.90853658536585,5.48780487804878
1641,1.776,2.70731707317073,4.75609756097561
1642,2.008,3,5.85365853658537
1643,1.716,2.50609756097561,4.02439024390244
1644,1.828,2.70731707317073,5.48780487804878
1645,1.624,2.50609756097561,3.65853658536585
1646,1.936,2.90853658536585,5.48780487804878
1647,1.776,2.70731707317073,4.75609756097561
1648,2.008,3,5.85365853658537
1649,1.716,2.50609756097561,4.02439024390244
1650,1.828,2.70731707317073,5.48780487804878
1651,1.624,2.50609756097561,3.65853658536585
1652,1.936,2.90853658536585,5.48780487804878
1653,1.776,2.70731707317073,4.75609756097561
1654,2.008,3,5.85365853658537
1655,1.716,2.50609756097561,4.02439024390244
1656,1.828,2.70731707317073,5.48780487804878
1657,1.624,2.50609756097561,3.65853658536585
1658,1.936,2.90853658536585,5.48780487804878
1659,1.776,2.70731707317073,4.75609756097561
1700,2.008,3,5.85365853658537
1701,1.716,2.50609756097561,4.02439024390244
1702,1.828,2.70731707317073,5.48780487804878
1703,1.624,2.50609756097561,3.65853658536585
1704,1.936,2.90853658536585,5.48780487804878
1705,1.776,2.70731707317073,4.75609756097561
1706,2.008,3,5.85365853658537
1707,1.716,2.50609756097561,4.02439024390244
1708,1.828,2.70731707317073,5.48780487804878
1709,1.624,2.50609756097561,3.65853658536585
1710,1.936,2.90853658536585,5.48780487804878
1711,1.776,2.70731707317073,4.75609756097561
1712,2.008,3,5.85365853658537
1713,1.716,2.50609756097561,4.02439024390244
1714,1.828,2.70731707317073,5.48780487804878
1715,1.624,2.50609756097561,3.65853658536585
1716,1.936,2.90853658536585,5.48780487804878
1717,1.776,2.70731707317073,4.75609756097561
1718,2.008,3,5.85365853658537
1719,1.716,2.50609756097561,4.02439024390244
1720,1.828,2.70731707317073,5.48780487804878
1721,1.624,2.50609756097561,3.65853658536585
1722,1.936,2.90853658536585,5.48780487804878
1723,1.776,2.70731707317073,4.75609756097561
1724,2.008,3,5.85365853658537
1725,1.716,2.50609756097561,4.02439024390244
1726,1.828,2.70731707317073,5.48780487804878
1727,1.624,2.50609756097561,3.65853658536585
1728,1.936,2.90853658536585,5.48780487804878
1729,1.776,2.70731707317073,4.75609756097561
1730,2.008,3,5.85365853658537
1731,1.716,2.50609756097561,4.02439024390244
1732,1.828,2.70731707317073,5.48780487804878
1733,1.624,2.50609756097561,3.65853658536585
1734,1.936,2.90853658536585,5.48780487804878
1735,1.776,2.70731707317073,4.75609756097561
1736,2.008,3,5.85365853658537
1737,1.716,2.50609756097561,4.02439024390244
1738,1.828,2.70731707317073,5.48780487804878
1739,1.624,2.50609756097561,3.65853658536585
1740,1.936,2.90853658536585,5.48780487804878
1741,1.776,2.70731707317073,4.75609756097561
1742,2.008,3,5.85365853658537
1743,1.716,2.50609756097561,4.02439024390244
1744,1.828,2.70731707317073,5.48780487804878
1745,1.624,2.50609756097561,3.65853658536585
1746,1.936,2.90853658536585,5.48780487804878
1747,1.776,2.70731707317073,4.75609756097561
1748,2.008,3,5.85365853658537
1749,1.716,2.50609756097561,4.02439024390244
1750,1.828,2.70731707317073,5.48780487804878
1751,1.624,2.50609756097561,3.65853658536585
1752,1.936,2.90853658536585,5.48780487804878
1753,1.776,2.70731707317073,4.75609756097561
1754,2.008,3,5.85365853658537
1755,1.716,2.50609756097561,4.02439024390244
1756,1.828,2.70731707317073,5.48780487804878
1757,1.624,2.50609756097561,3.65853658536585
1758,1.936,2.90853658536585,5.48780487804878
1759,1.776,2.70731707317073,4.75609756097561
1800,2.008,3,5.85365853658537
1801,1.716,2.50609756097561,4.02439024390244
1802,1.828,2.70731707317073,5.48780487804878
1803,1.624,2.50609756097561,3.65853658536585
1804,1.936,2.90853658536585,5.48780487804878
1805,1.776,2.70731707317073,4.75609756097561
1806,2.008,3,5.85365853658537
1807,1.716,2.50609756097561,4.02439024390244
1808,1.828,2.70731707317073,5.48780487804878
1809,1.624,2.50609756097561,3.65853658536585
1810,1.936,2.90853658536585,5.48780487804878
1811,1.776,2.70731707317073,4.75609756097561
1812,2.008,3,5.85365853658537
1813,1.716,2.50609756097561,4.02439024390244
1814,1.828,2.70731707317073,5.48780487804878
1815,1.624,2.50609756097561,3.65853658536585
1816,1.936,2.90853658536585,5.48780487804878
1817,1.776,2.70731707317073,4.75609756097561
1818,2.008,3,5.85365853658537
1819,1.716,2.50609756097561,4.02439024390244
1820,1.828,2.70731707317073,5.48780487804878
1821,1.624,2.50609756097561,3.65853658536585
1822,1.936,2.90853658536585,5.48780487804878
1823,1.776,2.70731707317073,4.75609756097561
1824,2.008,3,5.85365853658537
1825,1.716,2.50609756097561,4.02439024390244
1826,1.828,2.70731707317073,5.48780487804878
1827,1.624,2.50609756097561,3.65853658536585
1828,1.936,2.90853658536585,5.48780487804878
1829,1.776,2.70731707317073,4.75609756097561
1830,2.008,3,5.85365853658537
1831,1.716,2.50609756097561,4.02439024390244
1832,1.828,2.70731707317073,5.48780487804878
1833,1.624,2.50609756097561,3.65853658536585
1834,1.936,2.90853658536585,5.48780487804878
1835,1.776,2.70731707317073,4.75609756097561
1836,2.008,3,5.85365853658537
1837,1.716,2.50609756097561,4.02439024390244
1838,1.828,2.70731707317073,5.48780487804878
1839,1.624,2.50609756097561,3.65853658536585
1840,1.936,2.90853658536585,5.48780487804878
1841,1.776,2.70731707317073,4.75609756097561
1842,2.008,3,5.85365853658537
1843,1.716,2.50609756097561,4.02439024390244
1844,1.828,2.70731707317073,5.48780487804878
1845,1.624,2.50609756097561,3.65853658536585
1846,1.936,2.90853658536585,5.48780487804878
1847,1.776,2.70731707317073,4.75609756097561
1848,2.008,3,5.85365853658537
1849,1.716,2.50609756097561,4.02439024390244
1850,1.828,2.70731707317073,5.48780487804878
1851,1.624,2.50609756097561,3.65853658536585
1852,1.936,2.90853658536585,5.48780487804878
1853,1.776,2.70731707317073,4.75609756097561
1854,2.008,3,5.85365853658537
1855,1.716,2.50609756097561,4.02439024390244
1856,1.828,2.70731707317073,5.48780487804878
1857,1.624,2.50609756097561,3.65853658536585
1858,1.936,2.90853658536585,5.48780487804878
1859,1.776,2.70731707317073,4.75609756097561
1900,2.008,3,5.85365853658537
1901,1.716,2.50609756097561,4.02439024390244
1902,1.828,2.70731707317073,5.48780487804878
1903,1.624,2.50609756097561,3.65853658536585
1904,1.936,2.90853658536585,5.48780487804878
1905,1.776,2.70731707317073,4.75609756097561
1906,2.008,3,5.85365853658537
1907,1.716,2.50609756097561,4.02439024390244
1908,1.828,2.70731707317073,5.48780487804878
1909,1.624,2.50609756097561,3.65853658536585
1910,1.936,2.90853658536585,5.48780487804878
1911,1.776,2.70731707317073,4.75609756097561
1912,2.008,3,5.85365853658537
1913,1.716,2.50609756097561,4.02439024390244
1914,1.828,2.70731707317073,5.48780487804878
1915,1.624,2.50609756097561,3.65853658536585
1916,1.936,2.90853658536585,5.48780487804878
1917,1.776,2.70731707317073,4.75609756097561
1918,2.008,3,5.85365853658537
1919,1.716,2.50609756097561,4.02439024390244
1920,1.828,2.70731707317073,5.48780487804878
1921,1.624,2.50609756097561,3.65853658536585
1922,1.936,2.90853658536585,5.48780487804878
1923,1.776,2.70731707317073,4.75609756097561
1924,2.008,3,5.85365853658537
1925,1.716,2.50609756097561,4.02439024390244
1926,1.828,2.70731707317073,5.48780487804878
1927,1.624,2.50609756097561,3.65853658536585
1928,1.936,2.90853658536585,5.48780487804878
1929,1.776,2.70731707317073,4.75609756097561
1930,2.008,3,5.85365853658537
1931,1.716,2.50609756097561,4.02439024390244
1932,1.828,2.70731707317073,5.48780487804878
1933,1.624,2.50609756097561,3.65853658536585
1934,1.936,2.90853658536585,5.48780487804878
1935,1.776,2.70731707317073,4.75609756097561
1936,2.008,3,5.85365853658537
1937,1.716,2.50609756097561,4.02439024390244
1938,1.828,2.70731707317073,5.48780487804878
1939,1.624,2.50609756097561,3.65853658536585
1940,1.936,2.90853658536585,5.48780487804878
1941,1.776,2.70731707317073,4.75609756097561
1942,2.008,3,5.85365853658537
1943,1.716,2.50609756097561,4.02439024390244
1944,1.828,2.70731707317073,5.48780487804878
1945,1.624,2.50609756097561,3.65853658536585
1946,1.936,2.90853658536585,5.48780487804878
1947,1.776,2.70731707317073,4.75609756097561
1948,2.008,3,5.85365853658537
1949,1.716,2.50609756097561,4.02439024390244
1950,1.828,2.70731707317073,5.48780487804878
1951,1.624,2.50609756097561,3.65853658536585
1952,1.936,2.90853658536585,5.48780487804878
1953,1.776,2.70731707317073,4.75609756097561
1954,2.008,3,5.85365853658537
1955,1.716,2.50609756097561,4.02439024390244
1956,1.828,2.70731707317073,5.48780487804878
1957,1.624,2.50609756097561,3.65853658536585
1958,1.936,2.90853658536585,5.48780487804878
1959,1.776,2.70731707317073,4.75609756097561
2000,2.008,3,5.85365853658537
2001,1.716,2.50609756097561,4.02439024390244
2002,1.828,2.70731707317073,5.48780487804878
2003,1.624,2.50609756097561,3.65853658536585
2004,1.936,2.90853658536585,5.48780487804878
2005,1.776,2.70731707317073,4.75609756097561
2006,2.008,3,5.85365853658537
2007,1.716,2.50609756097561,4.02439024390244
2008,1.828,2.70731707317073,5.48780487804878
2009,1.624,2.50609756097561,3.65853658536585
2010,1.936,2.90853658536585,5.48780487804878
2011,1.776,2.70731707317073,4.75609756097561
2012,2.008,3,5.85365853658537
2013,1.716,2.50609756097561,4.02439024390244
2014,1.828,2.70731707317073,5.48780487804878
2015,1.624,2.50609756097561,3.65853658536585
2016,1.936,2.90853658536585,5.48780487804878
2017,1.776,2.70731707317073,4.75609756097561
2018,2.008,3,5.85365853658537
2019,1.716,2.50609756097561,4.02439024390244
2020,1.828,2.70731707317073,5.48780487804878
2021,1.624,2.50609756097561,3.65853658536585
2022,1.936,2.90853658536585,5.48780487804878
2023,1.776,2.70731707317073,4.75609756097561
2024,2.008,3,5.85365853658537
2025,1.716,2.50609756097561,4.02439024390244
2026,1.828,2.70731707317073,5.48780487804878
2027,1.624,2.50609756097561,3.65853658536585
2028,1.936,2.90853658536585,5.48780487804878
2029,1.776,2.70731707317073,4.75609756097561
2030,2.008,3,5.85365853658537
2031,1.716,2.50609756097561,4.02439024390244
2032,1.828,2.70731707317073,5.48780487804878
2033,1.624,2.50609756097561,3.65853658536585
2034,1.936,2.90853658536585,5.48780487804878
2035,1.776,2.70731707317073,4.75609756097561
2036,2.008,3,5.85365853658537
2037,1.716,2.50609756097561,4.02439024390244
2038,1.828,2.70731707317073,5.48780487804878
2039,1.624,2.50609756097561,3.65853658536585
2040,1.936,2.90853658536585,5.48780487804878
2041,1.776,2.70731707317073,4.75609756097561
2042,2.008,3,5.85365853658537
2043,1.716,2.50609756097561,4.02439024390244
2044,1.828,2.70731707317073,5.48780487804878
2045,1.624,2.50609756097561,3.65853658536585
2046,1.936,2.90853658536585,5.48780487804878
2047,1.776,2.70731707317073,4.75609756097561
2048,2.008,3,5.85365853658537
2049,1.716,2.50609756097561,4.02439024390244
2050,1.828,2.70731707317073,5.48780487804878
2051,1.624,2.50609756097561,3.65853658536585
2052,1.936,2.90853658536585,5.48780487804878
2053,1.776,2.70731707317073,4.75609756097561
2054,2.008,3,5.85365853658537
2055,1.716,2.50609756097561,4.02439024390244
2056,1.828,2.70731707317073,5.48780487804878
2057,1.624,2.50609756097561,3.65853658536585
2058,1.936,2.90853658536585,5.48780487804878
2059,1.776,2.70731707317073,4.75609756097561
2100,2.008,3,5.85365853658537
2101,1.716,2.50609756097561,4.02439024390244
2102,1.828,2.70731707317073,5.48780487804878
2103,1.624,2.50609756097561,3.65853658536585
2104,1.936,2.90853658536585,5.48780487804878
2105,1.776,2.70731707317073,4.75609756097561
2106,2.008,3,5.85365853658537
2107,1.716,2.50609756097561,4.02439024390244
2108,1.828,2.70731707317073,5.48780487804878
2109,1.624,2.50609756097561,3.65853658536585
2110,1.936,2.90853658536585,5.48780487804878
2111,1.776,2.70731707317073,4.75609756097561
2112,2.008,3,5.85365853658537
2113,1.716,2.50609756097561,4.02439024390244
2114,1.828,2.70731707317073,5.48780487804878
2115,1.624,2.50609756097561,3.65853658536585
2116,1.936,2.90853658536585,5.48780487804878
2117,1.776,2.70731707317073,4.75609756097561
2118,2.008,3,5.85365853658537
2119,1.716,2.50609756097561,4.02439024390244
2120,1.828,2.70731707317073,5.48780487804878
2121,1.624,2.50609756097561,3.65853658536585
2122,1.936,2.90853658536585,5.48780487804878
2123,1.776,2.70731707317073,4.75609756097561
2124,2.008,3,5.85365853658537
2125,1.716,2.50609756097561,4.02439024390244
2126,1.828,2.70731707317073,5.48780487804878
2127,1.624,2.50609756097561,3.65853658536585
2128,1.936,2.90853658536585,5.48780487804878
2129,1.776,2.70731707317073,4.75609756097561
2130,2.008,3,5.85365853658537
2131,1.716,2.50609756097561,4.02439024390244
2132,1.828,2.70731707317073,5.48780487804878
2133,1.624,2.50609756097561,3.65853658536585
2134,1.936,2.90853658536585,5.48780487804878
2135,1.776,2.70731707317073,4.75609756097561
2136,2.008,3,5.85365853658537
2137,1.716,2.50609756097561,4.02439024390244
2138,1.828,2.70731707317073,5.48780487804878
2139,1.624,2.50609756097561,3.65853658536585
2140,1.936,2.90853658536585,5.48780487804878
2141,1.776,2.70731707317073,4.75609756097561
2142,2.008,3,5.85365853658537
2143,1.716,2.50609756097561,4.02439024390244
2144,1.828,2.70731707317073,5.48780487804878
2145,1.624,2.50609756097561,3.65853658536585
2146,1.936,2.90853658536585,5.48780487804878
2147,1.776,2.70731707317073,4.75609756097561
2148,2.008,3,5.85365853658537
2149,1.716,2.50609756097561,4.02439024390244
2150,1.828,2.70731707317073,5.48780487804878
2151,1.624,2.50609756097561,3.65853658536585
2152,1.936,2.90853658536585,5.48780487804878
2153,1.776,2.70731707317073,4.75609756097561
2154,2.008,3,5.85365853658537
2155,1.716,2.50609756097561,4.02439024390244
2156,1.828,2.70731707317073,5.48780487804878
2157,1.624,2.50609756097561,3.65853658536585
2158,1.936,2.90853658536585,5.48780487804878
2159,1.776,2.70731707317073,4.75609756097561
2200,2.008,3,5.85365853658537
2201,1.716,2.50609756097561,4.02439024390244
2202,1.828,2.70731707317073,5.48780487804878
2203,1.624,2.50609756097561,3.65853658536585
2204,1.936,2.90853658536585,5.48780487804878
2205,1.776,2.70731707317073,4.75609756097561
2206,2.008,3,5.85365853658537
2207,1.716,2.50609756097561,4.02439024390244
2208,1.828,2.70731707317073,5.48780487804878
2209,1.624,2.50609756097561,3.65853658536585
2210,1.936,2.90853658536585,5.48780487804878
2211,1.776,2.70731707317073,4.75609756097561
2212,2.008,3,5.85365853658537
2213,1.716,2.50609756097561,4.02439024390244
2214,1.828,2.70731707317073,5.48780487804878
2215,1.624,2.50609756097561,3.65853658536585
2216,1.936,2.90853658536585,5.48780487804878
2217,1.776,2.70731707317073,4.75609756097561
2218,2.008,3,5.85365853658537
2219,1.716,2.50609756097561,4.02439024390244
2220,1.828,2.70731707317073,5.48780487804878
2221,1.624,2.50609756097561,3.65853658536585
2222,1.936,2.90853658536585,5.48780487804878
2223,1.776,2.70731707317073,4.75609756097561
2224,2.008,3,5.85365853658537
2225,1.716,2.50609756097561,4.02439024390244
2226,1.828,2.70731707317073,5.48780487804878
2227,1.624,2.50609756097561,3.65853658536585
2228,1.936,2.90853658536585,5.48780487804878
2229,1.776,2.70731707317073,4.75609756097561
2230,2.008,3,5.85365853658537
2231,1.716,2.50609756097561,4.02439024390244
2232,1.828,2.70731707317073,5.48780487804878
2233,1.624,2.50609756097561,3.65853658536585
2234,1.936,2.90853658536585,5.48780487804878
2235,1.776,2.70731707317073,4.75609756097561
2236,2.008,3,5.85365853658537
2237,1.716,2.50609756097561,4.02439024390244
2238,1.828,2.70731707317073,5.48780487804878
2239,1.624,2.50609756097561,3.65853658536585
2240,1.936,2.90853658536585,5.48780487804878
2241,1.776,2.70731707317073,4.75609756097561
2242,2.008,3,5.85365853658537
2243,1.716,2.50609756097561,4.02439024390244
2244,1.828,2.70731707317073,5.48780487804878
2245,1.624,2.50609756097561,3.65853658536585
2246,1.936,2.90853658536585,5.48780487804878
2247,1.776,2.70731707317073,4.75609756097561
2248,2.008,3,5.85365853658537
2249,1.716,2.50609756097561,4.02439024390244
2250,1.828,2.70731707317073,5.48780487804878
2251,1.624,2.50609756097561,3.65853658536585
2252,1.936,2.90853658536585,5.48780487804878
2253,1.776,2.70731707317073,4.75609756097561
2254,2.008,3,5.85365853658537
2255,1.716,2.50609756097561,4.02439024390244
2256,1.828,2.70731707317073,5.48780487804878
2257,1.624,2.50609756097561,3.65853658536585
2258,1.936,2.90853658536585,5.48780487804878
2259,1.776,2.70731707317073,4.75609756097561
2300,2.008,3,5.85365853658537
2301,1.716,2.50609756097561,4.02439024390244
2302,1.828,2.70731707317073,5.48780487804878
2303,1.624,2.50609756097561,3.65853658536585
2304,1.936,2.90853658536585,5.48780487804878
2305,1.776,2.70731707317073,4.75609756097561
2306,2.008,3,5.85365853658537
2307,1.716,2.50609756097561,4.02439024390244
2308,1.828,2.70731707317073,5.48780487804878
2309,1.624,2.50609756097561,3.65853658536585
2310,1.936,2.90853658536585,5.48780487804878
2311,1.776,2.70731707317073,4.75609756097561
2312,2.008,3,5.85365853658537
2313,1.716,2.50609756097561,4.02439024390244
2314,1.828,2.70731707317073,5.48780487804878
2315,1.624,2.50609756097561,3.65853658536585
2316,1.936,2.90853658536585,5.48780487804878
2317,1.776,2.70731707317073,4.75609756097561
2318,2.008,3,5.85365853658537
2319,1.716,2.50609756097561,4.02439024390244
2320,1.828,2.70731707317073,5.48780487804878
2321,1.624,2.50609756097561,3.65853658536585
2322,1.936,2.90853658536585,5.48780487804878
2323,1.776,2.70731707317073,4.75609756097561
2324,2.008,3,5.85365853658537
2325,1.716,2.50609756097561,4.02439024390244
2326,1.828,2.70731707317073,5.48780487804878
2327,1.624,2.50609756097561,3.65853658536585
2328,1.936,2.90853658536585,5.48780487804878
2329,1.776,2.70731707317073,4.75609756097561
2330,2.008,3,5.85365853658537
2331,1.716,2.50609756097561,4.02439024390244
2332,1.828,2.70731707317073,5.48780487804878
2333,1.624,2.50609756097561,3.65853658536585
2334,1.936,2.90853658536585,5.48780487804878
2335,1.776,2.70731707317073,4.75609756097561
2336,2.008,3,5.85365853658537
2337,1.716,2.50609756097561,4.02439024390244
2338,1.828,2.70731707317073,5.48780487804878
2339,1.624,2.50609756097561,3.65853658536585
2340,1.936,2.90853658536585,5.48780487804878
2341,1.776,2.70731707317073,4.75609756097561
2342,2.008,3,5.85365853658537
2343,1.716,2.50609756097561,4.02439024390244
2344,1.828,2.70731707317073,5.48780487804878
2345,1.624,2.50609756097561,3.65853658536585
2346,1.936,2.90853658536585,5.48780487804878
2347,1.776,2.70731707317073,4.75609756097561
2348,2.008,3,5.85365853658537
2349,1.716,2.50609756097561,4.02439024390244
2350,1.828,2.70731707317073,5.48780487804878
2351,1.624,2.50609756097561,3.65853658536585
2352,1.936,2.90853658536585,5.48780487804878
2353,1.776,2.70731707317073,4.75609756097561
2354,2.008,3,5.85365853658537
2355,1.716,2.50609756097561,4.02439024390244
2356,1.828,2.70731707317073,5.48780487804878
2357,1.624,2.50609756097561,3.65853658536585
2358,1.936,2.90853658536585,5.48780487804878
2359,1.776,2.70731707317073,4.75609756097561
